eartag,species,date,dpi,barn,general,temp,feces,odnd,headmucos,resp,totscore,autosum,tempc,scorer,notes
211,Bovine,6/10/2021,0,1,0,0,0,0,0,0,0,0,37.6,Fasil,"innoculation day, morning"
212,Bovine,6/10/2021,0,1,0,0,0,0,0,0,0,0,38.4,Fasil,"innoculation day, morning"
217,Bovine,6/10/2021,0,1,0,0,0,0,0,0,0,0,38.5,Fasil,"innoculation day, morning"
220,Bovine,6/10/2021,0,1,0,0,0,0,0,0,0,0,38.5,Fasil,"innoculation day, morning"
221,Bovine,6/10/2021,0,1,0,0,0,0,0,0,0,0,38.8,Fasil,"innoculation day, morning"
222,Bovine,6/10/2021,0,1,0,0,0,0,0,0,0,0,38.4,Fasil,"innoculation day, morning"
226,Bovine,6/10/2021,0,1,0,0,0,0,0,0,0,0,38.7,Fasil,"innoculation day, morning"
230,Bovine,6/10/2021,0,1,0,0,0,0,0,0,0,0,39,Fasil,"innoculation day, morning"
213,Bovine,6/10/2021,0,3,0,0,0,0,0,0,0,0,38.5,Fasil,"innoculation day, morning"
214,Bovine,6/10/2021,0,3,0,0,0,0,0,0,0,0,38.8,Fasil,"innoculation day, morning"
216,Bovine,6/10/2021,0,3,0,0,0,0,0,0,0,0,38.5,Fasil,"innoculation day, morning"
219,Bovine,6/10/2021,0,3,0,0,0,0,0,0,0,0,38.7,Fasil,"innoculation day, morning"
223,Bovine,6/10/2021,0,3,0,0,0,0,0,0,0,0,38.6,Fasil,"innoculation day, morning"
225,Bovine,6/10/2021,0,3,0,0,0,0,0,0,0,0,38.8,Fasil,"innoculation day, morning"
227,Bovine,6/10/2021,0,3,0,0,0,0,0,0,0,0,38.8,Fasil,"innoculation day, morning"
229,Bovine,6/10/2021,0,3,0,0,0,0,0,0,0,0,38.5,Fasil,"innoculation day, morning"
211,Bovine,7/10/2021,1,1,0,0,0,0,0,0,0,0,38.1,Fasil,
212,Bovine,7/10/2021,1,1,0,0,0,0,0,0,0,0,38.3,Fasil,
217,Bovine,7/10/2021,1,1,0,0,0,0,0,0,0,0,37.7,Fasil,
220,Bovine,7/10/2021,1,1,0,0,0,0,0,0,0,0,38.4,Fasil,
221,Bovine,7/10/2021,1,1,0,0,0,0,0,0,0,0,38.9,Fasil,
222,Bovine,7/10/2021,1,1,0,0,0,0,0,0,0,0,38.4,Fasil,
226,Bovine,7/10/2021,1,1,0,0,0,0,0,0,0,0,38.8,Fasil,
230,Bovine,7/10/2021,1,1,0,0,0,0,0,0,0,0,38.8,Fasil,
213,Bovine,7/10/2021,1,3,0,0,0,0,0,0,0,0,38.1,Fasil,
214,Bovine,7/10/2021,1,3,0,0,0,0,0,0,0,0,38.4,Fasil,
216,Bovine,7/10/2021,1,3,0,0,0,0,0,0,0,0,38.8,Fasil,
219,Bovine,7/10/2021,1,3,0,0,0,0,0,0,0,0,38.5,Fasil,
223,Bovine,7/10/2021,1,3,0,0,0,0,0,0,0,0,39.1,Fasil,
225,Bovine,7/10/2021,1,3,0,0,0,0,0,0,0,0,38.5,Fasil,
227,Bovine,7/10/2021,1,3,0,0,0,0,0,0,0,0,38.4,Fasil,
229,Bovine,7/10/2021,1,3,0,0,0,0,0,0,0,0,38.1,Fasil,
211,Bovine,8/10/2021,2,1,0,0,0,0,0,0,0,0,36.7,Fasil,
212,Bovine,8/10/2021,2,1,0,0,0,0,0,0,0,0,37.5,Fasil,
217,Bovine,8/10/2021,2,1,0,0,0,0,0,0,0,0,36.7,Fasil,
220,Bovine,8/10/2021,2,1,0,0,0,0,0,0,0,0,37.8,Fasil,
221,Bovine,8/10/2021,2,1,0,0,0,0,0,0,0,0,38.5,Fasil,
222,Bovine,8/10/2021,2,1,0,0,0,0,0,0,0,0,37.5,Fasil,
226,Bovine,8/10/2021,2,1,0,0,0,0,0,0,0,0,37.8,Fasil,
230,Bovine,8/10/2021,2,1,0,0,0,0,0,0,0,0,38.7,Fasil,
213,Bovine,8/10/2021,2,3,0,0,0,0,0,0,0,0,37.6,Fasil,
214,Bovine,8/10/2021,2,3,0,0,0,0,0,0,0,0,38.2,Fasil,
216,Bovine,8/10/2021,2,3,0,0,0,0,0,0,0,0,37.6,Fasil,
219,Bovine,8/10/2021,2,3,0,0,0,0,0,0,0,0,37.8,Fasil,
223,Bovine,8/10/2021,2,3,0,0,0,0,0,0,0,0,37.1,Fasil,
225,Bovine,8/10/2021,2,3,0,0,0,0,0,0,0,0,38.3,Fasil,
227,Bovine,8/10/2021,2,3,0,0,0,0,0,0,0,0,38.3,Fasil,
229,Bovine,8/10/2021,2,3,0,0,0,0,0,0,0,0,37.8,Fasil,
211,Bovine,9/10/2021,3,1,0,0,0,0,0,0,0,0,37.4,Fasil,
212,Bovine,9/10/2021,3,1,0,0,0,0,0,0,0,0,38.1,Fasil,
217,Bovine,9/10/2021,3,1,0,0,0,0,0,0,0,0,38.4,Fasil,
220,Bovine,9/10/2021,3,1,0,0,0,0,0,0,0,0,37.5,Fasil,
221,Bovine,9/10/2021,3,1,0,0,0,0,0,0,0,0,38.4,Fasil,
222,Bovine,9/10/2021,3,1,0,0,0,0,0,0,0,0,0,Fasil,Sacrificed at 8/10/2021
226,Bovine,9/10/2021,3,1,0,0,0,0,0,0,0,0,38.7,Fasil,
230,Bovine,9/10/2021,3,1,0,0,0,0,0,0,0,0,38.1,Fasil,
213,Bovine,9/10/2021,3,3,0,0,0,0,0,0,0,0,38.1,Fasil,
214,Bovine,9/10/2021,3,3,0,0,0,0,0,0,0,0,37.9,Fasil,
216,Bovine,9/10/2021,3,3,0,0,0,0,0,0,0,0,37.8,Fasil,
219,Bovine,9/10/2021,3,3,0,0,0,0,0,0,0,0,38,Fasil,
223,Bovine,9/10/2021,3,3,0,0,0,0,0,0,0,0,37.1,Fasil,
225,Bovine,9/10/2021,3,3,0,0,0,0,0,0,0,0,38.2,Fasil,
227,Bovine,9/10/2021,3,3,0,0,0,0,0,0,0,0,0,Fasil,Sacrificed at 8/10/2021
229,Bovine,9/10/2021,3,3,0,0,0,0,0,0,0,0,38,Fasil,
211,Bovine,10/10/2021,4,1,0,0,0,0,0,0,0,0,37.2,Fasil,
212,Bovine,10/10/2021,4,1,0,0,0,0,0,0,0,0,38.8,Fasil,
217,Bovine,10/10/2021,4,1,0,0,0,0,0,0,0,0,37.6,Fasil,
220,Bovine,10/10/2021,4,1,0,0,0,0,0,0,0,0,38.3,Fasil,
221,Bovine,10/10/2021,4,1,0,0,0,0,0,0,0,0,38.6,Fasil,
222,Bovine,10/10/2021,4,1,0,0,0,0,0,0,0,0,0,Fasil,Sacrificed at 8/10/2021
226,Bovine,10/10/2021,4,1,0,0,0,0,0,0,0,0,37.9,Fasil,
230,Bovine,10/10/2021,4,1,0,0,0,0,0,0,0,0,38.7,Fasil,
213,Bovine,10/10/2021,4,3,0,0,0,0,0,0,0,0,38.6,Fasil,
214,Bovine,10/10/2021,4,3,0,0,0,0,0,0,0,0,39,Fasil,
216,Bovine,10/10/2021,4,3,0,0,0,0,0,0,0,0,38.8,Fasil,
219,Bovine,10/10/2021,4,3,0,0,0,0,0,0,0,0,39.1,Fasil,
223,Bovine,10/10/2021,4,3,0,0,0,0,0,0,0,0,38.5,Fasil,
225,Bovine,10/10/2021,4,3,0,0,0,0,0,0,0,0,39,Fasil,
227,Bovine,10/10/2021,4,3,0,0,0,0,0,0,0,0,0,Fasil,Sacrificed at 8/10/2021
229,Bovine,10/10/2021,4,3,0,0,0,0,0,0,0,0,38.4,Fasil,
211,Bovine,11/10/2021,5,1,0,0,0,0,0,0,0,0,38.1,Fasil,
212,Bovine,11/10/2021,5,1,0,0,0,0,0,0,0,0,39.2,Fasil,
217,Bovine,11/10/2021,5,1,0,0,0,0,0,0,0,0,38.4,Fasil,
220,Bovine,11/10/2021,5,1,0,0,0,0,0,0,0,0,0,Fasil,Sacrificed at 10/10/2021
221,Bovine,11/10/2021,5,1,0,0,0,0,0,0,0,0,38.3,Fasil,
222,Bovine,11/10/2021,5,1,0,0,0,0,0,0,0,0,0,Fasil,Sacrificed at 8/10/2021
226,Bovine,11/10/2021,5,1,0,0,0,0,0,0,0,0,38.5,Fasil,
230,Bovine,11/10/2021,5,1,0,0,0,0,0,0,0,0,39.1,Fasil,
213,Bovine,11/10/2021,5,3,0,0,0,0,0,0,0,0,0,Fasil,Sacrificed at 10/10/2021
214,Bovine,11/10/2021,5,3,0,0,0,0,0,0,0,0,38.2,Fasil,
216,Bovine,11/10/2021,5,3,0,0,0,0,0,0,0,0,37.9,Fasil,
219,Bovine,11/10/2021,5,3,0,0,0,0,0,0,0,0,38.3,Fasil,
223,Bovine,11/10/2021,5,3,0,0,0,0,0,0,0,0,37.7,Fasil,
225,Bovine,11/10/2021,5,3,0,0,0,0,0,0,0,0,38.6,Fasil,
227,Bovine,11/10/2021,5,3,0,0,0,0,0,0,0,0,0,Fasil,Sacrificed at 8/10/2021
229,Bovine,11/10/2021,5,3,0,0,0,0,0,0,0,0,37.7,Fasil,
211,Bovine,12/10/2021,6,1,0,0,0,0,0,0,0,0,38.2,Fasil,
212,Bovine,12/10/2021,6,1,0,0,0,0,0,0,0,0,39.3,Fasil,
217,Bovine,12/10/2021,6,1,0,0,0,0,0,0,0,0,38.5,Fasil,
220,Bovine,12/10/2021,6,1,0,0,0,0,0,0,0,0,0,Fasil,Sacrificed at 10/10/2021
221,Bovine,12/10/2021,6,1,0,0,0,0,0,0,0,0,39.1,Fasil,
222,Bovine,12/10/2021,6,1,0,0,0,0,0,0,0,0,0,Fasil,Sacrificed at 8/10/2021
226,Bovine,12/10/2021,6,1,0,0,0,0,0,0,0,0,38.5,Fasil,
230,Bovine,12/10/2021,6,1,0,0,0,0,0,0,0,0,39.2,Fasil,
213,Bovine,12/10/2021,6,3,0,0,0,0,0,0,0,0,0,Fasil,Sacrificed at 10/10/2021
214,Bovine,12/10/2021,6,3,0,0,0,0,0,0,0,0,38.1,Fasil,
216,Bovine,12/10/2021,6,3,0,0,0,0,0,0,0,0,38.9,Fasil,
219,Bovine,12/10/2021,6,3,0,0,0,0,0,0,0,0,37.7,Fasil,
223,Bovine,12/10/2021,6,3,0,0,0,0,0,0,0,0,38,Fasil,
225,Bovine,12/10/2021,6,3,0,0,0,0,0,0,0,0,38.7,Fasil,
227,Bovine,12/10/2021,6,3,0,0,0,0,0,0,0,0,0,Fasil,Sacrificed at 8/10/2021
229,Bovine,12/10/2021,6,3,0,0,0,0,0,0,0,0,37,Fasil,
211,Bovine,13/10/2021,7,1,0,0,0,0,0,0,0,0,39,Fasil,
212,Bovine,13/10/2022,7,1,0,0,0,0,0,0,0,0,38.2,Fasil,
217,Bovine,13/10/2023,7,1,0,0,0,0,0,0,0,0,38.2,Fasil,
220,Bovine,13/10/2024,7,1,0,0,0,0,0,0,0,0,0,Fasil,Sacrificed at 10/10/2021
221,Bovine,13/10/2025,7,1,0,0,0,0,0,0,0,0,0,Fasil,Sacrificed at 12/10/2021
222,Bovine,13/10/2026,7,1,0,0,0,0,0,0,0,0,0,Fasil,Sacrificed at 8/10/2021
226,Bovine,13/10/2027,7,1,0,0,0,0,0,0,0,0,39.2,Fasil,
230,Bovine,13/10/2028,7,1,0,0,0,0,0,0,0,0,38.6,Fasil,
213,Bovine,13/10/2029,7,3,0,0,0,0,0,0,0,0,0,Fasil,Sacrificed at 10/10/2021
214,Bovine,13/10/2030,7,3,0,0,0,0,0,0,0,0,39.3,Fasil,
216,Bovine,13/10/2031,7,3,0,0,0,0,0,0,0,0,39,Fasil,
219,Bovine,13/10/2032,7,3,0,0,0,0,0,0,0,0,38.4,Fasil,
223,Bovine,13/10/2033,7,3,0,0,0,0,0,0,0,0,38.2,Fasil,
225,Bovine,13/10/2034,7,3,0,0,0,0,0,0,0,0,38.4,Fasil,
227,Bovine,13/10/2035,7,3,0,0,0,0,0,0,0,0,0,Fasil,Sacrificed at 8/10/2021
229,Bovine,13/10/2036,7,3,0,0,0,0,0,0,0,0,0,Fasil,Sacrificed at 12/10/2021
211,Bovine,14/10/2021,8,1,0,0,0,0,0,0,0,0,39,Fasil,
212,Bovine,14/10/2022,8,1,0,0,0,0,0,0,0,0,38.5,Fasil,
217,Bovine,14/10/2023,8,1,0,0,0,0,0,0,0,0,38.5,Fasil,
220,Bovine,14/10/2024,8,1,0,0,0,0,0,0,0,0,0,Fasil,Sacrificed at 10/10/2021
221,Bovine,14/10/2025,8,1,0,0,0,0,0,0,0,0,0,Fasil,Sacrificed at 12/10/2021
222,Bovine,14/10/2026,8,1,0,0,0,0,0,0,0,0,0,Fasil,Sacrificed at 8/10/2021
226,Bovine,14/10/2027,8,1,0,0,0,0,0,0,0,0,39,Fasil,
230,Bovine,14/10/2028,8,1,0,0,0,0,0,0,0,0,38.9,Fasil,
213,Bovine,14/10/2029,8,3,0,0,0,0,0,0,0,0,0,Fasil,Sacrificed at 10/10/2021
214,Bovine,14/10/2030,8,3,0,0,0,0,0,0,0,0,38.4,Fasil,
216,Bovine,14/10/2031,8,3,0,0,0,0,0,0,0,0,38.4,Fasil,
219,Bovine,14/10/2032,8,3,0,0,0,0,0,0,0,0,38.4,Fasil,
223,Bovine,14/10/2033,8,3,0,0,0,0,0,0,0,0,38,Fasil,
225,Bovine,14/10/2034,8,3,0,0,0,0,0,0,0,0,38.3,Fasil,
227,Bovine,14/10/2035,8,3,0,0,0,0,0,0,0,0,0,Fasil,Sacrificed at 8/10/2021
229,Bovine,14/10/2036,8,3,0,0,0,0,0,0,0,0,0,Fasil,Sacrificed at 12/10/2021
211,Bovine,15/10/2021,9,1,0,0,0,0,0,0,0,0,38.6,Fasil,
212,Bovine,15/10/2021,9,1,0,0,0,0,0,0,0,0,0,Fasil,Sacrificed at 14/10/2021
217,Bovine,15/10/2021,9,1,0,0,0,0,0,0,0,0,36.6,Fasil,
220,Bovine,15/10/2021,9,1,0,0,0,0,0,0,0,0,0,Fasil,Sacrificed at 10/10/2021
221,Bovine,15/10/2021,9,1,0,0,0,0,0,0,0,0,0,Fasil,Sacrificed at 12/10/2021
222,Bovine,15/10/2021,9,1,0,0,0,0,0,0,0,0,0,Fasil,Sacrificed at 8/10/2021
226,Bovine,15/10/2021,9,1,0,0,0,0,0,0,0,0,38.1,Fasil,
230,Bovine,15/10/2021,9,1,0,0,0,0,0,0,0,0,38,Fasil,
213,Bovine,15/10/2021,9,3,0,0,0,0,0,0,0,0,0,Fasil,Sacrificed at 10/10/2021
214,Bovine,15/10/2021,9,3,0,0,0,0,0,0,0,0,37.8,Fasil,
216,Bovine,15/10/2021,9,3,0,0,0,0,0,0,0,0,37.9,Fasil,
219,Bovine,15/10/2021,9,3,0,0,0,0,0,0,0,0,38,Fasil,
223,Bovine,15/10/2021,9,3,0,0,0,0,0,0,0,0,37,Fasil,
225,Bovine,15/10/2021,9,3,0,0,0,0,0,0,0,0,0,Fasil,Sacrificed at 14/10/2021
227,Bovine,15/10/2021,9,3,0,0,0,0,0,0,0,0,0,Fasil,Sacrificed at 8/10/2021
229,Bovine,15/10/2021,9,3,0,0,0,0,0,0,0,0,0,Fasil,Sacrificed at 12/10/2021
211,Bovine,16/10/2021,10,1,0,0,0,0,0,0,0,0,37.9,Fasil,
212,Bovine,16/10/2021,10,1,0,0,0,0,0,0,0,0,0,Fasil,Sacrificed at 14/10/2021
217,Bovine,16/10/2021,10,1,0,0,0,0,0,0,0,0,37.7,Fasil,
220,Bovine,16/10/2021,10,1,0,0,0,0,0,0,0,0,0,Fasil,Sacrificed at 10/10/2021
221,Bovine,16/10/2021,10,1,0,0,0,0,0,0,0,0,0,Fasil,Sacrificed at 12/10/2021
222,Bovine,16/10/2021,10,1,0,0,0,0,0,0,0,0,0,Fasil,Sacrificed at 8/10/2021
226,Bovine,16/10/2021,10,1,0,0,0,0,0,0,0,0,38.3,Fasil,
230,Bovine,16/10/2021,10,1,0,0,0,0,0,0,0,0,38.4,Fasil,
213,Bovine,16/10/2021,10,3,0,0,0,0,0,0,0,0,0,Fasil,Sacrificed at 10/10/2021
214,Bovine,16/10/2021,10,3,0,0,0,0,0,0,0,0,38.5,Fasil,
216,Bovine,16/10/2021,10,3,0,0,0,0,0,0,0,0,38.4,Fasil,
219,Bovine,16/10/2021,10,3,0,0,0,0,0,0,0,0,38.5,Fasil,
223,Bovine,16/10/2021,10,3,0,0,0,0,0,0,0,0,37.4,Fasil,
225,Bovine,16/10/2021,10,3,0,0,0,0,0,0,0,0,0,Fasil,Sacrificed at 14/10/2021
227,Bovine,16/10/2021,10,3,0,0,0,0,0,0,0,0,0,Fasil,Sacrificed at 8/10/2021
229,Bovine,16/10/2021,10,3,0,0,0,0,0,0,0,0,0,Fasil,Sacrificed at 12/10/2021
211,Bovine,17/10/2021,11,1,0,0,0,0,0,0,0,0,38.1,Fasil,
212,Bovine,17/10/2021,11,1,0,0,0,0,0,0,0,0,0,Fasil,Sacrificed at 14/10/2021
217,Bovine,17/10/2021,11,1,0,0,0,0,0,0,0,0,0,Fasil,Sacrificed at 16/10/2021
220,Bovine,17/10/2021,11,1,0,0,0,0,0,0,0,0,0,Fasil,Sacrificed at 10/10/2021
221,Bovine,17/10/2021,11,1,0,0,0,0,0,0,0,0,0,Fasil,Sacrificed at 12/10/2021
222,Bovine,17/10/2021,11,1,0,0,0,0,0,0,0,0,0,Fasil,Sacrificed at 8/10/2021
226,Bovine,17/10/2021,11,1,0,0,0,0,0,0,0,0,38.8,Fasil,
230,Bovine,17/10/2021,11,1,0,0,0,0,0,0,0,0,38.4,Fasil,
213,Bovine,17/10/2021,11,3,0,0,0,0,0,0,0,0,0,Fasil,Sacrificed at 10/10/2021
214,Bovine,17/10/2021,11,3,0,0,0,0,0,0,0,0,38.4,Fasil,
216,Bovine,17/10/2021,11,3,0,0,0,0,0,0,0,0,38.6,Fasil,
219,Bovine,17/10/2021,11,3,0,0,0,0,0,0,0,0,0,Fasil,Sacrificed at 16/10/2021
223,Bovine,17/10/2021,11,3,0,0,0,0,0,0,0,0,37.4,Fasil,
225,Bovine,17/10/2021,11,3,0,0,0,0,0,0,0,0,0,Fasil,Sacrificed at 14/10/2021
227,Bovine,17/10/2021,11,3,0,0,0,0,0,0,0,0,0,Fasil,Sacrificed at 8/10/2021
229,Bovine,17/10/2021,11,3,0,0,0,0,0,0,0,0,0,Fasil,Sacrificed at 12/10/2021
211,Bovine,18/10/2021,12,1,0,0,0,0,0,0,0,0,38.1,Fasil,
212,Bovine,18/10/2021,12,1,0,0,0,0,0,0,0,0,0,Fasil,Sacrificed at 14/10/2021
217,Bovine,18/10/2021,12,1,0,0,0,0,0,0,0,0,0,Fasil,Sacrificed at 16/10/2021
220,Bovine,18/10/2021,12,1,0,0,0,0,0,0,0,0,0,Fasil,Sacrificed at 10/10/2021
221,Bovine,18/10/2021,12,1,0,0,0,0,0,0,0,0,0,Fasil,Sacrificed at 12/10/2021
222,Bovine,18/10/2021,12,1,0,0,0,0,0,0,0,0,0,Fasil,Sacrificed at 8/10/2021
226,Bovine,18/10/2021,12,1,0,0,0,0,0,0,0,0,38.8,Fasil,
230,Bovine,18/10/2021,12,1,0,0,0,0,0,0,0,0,38.4,Fasil,
213,Bovine,18/10/2021,12,3,0,0,0,0,0,0,0,0,0,Fasil,Sacrificed at 10/10/2021
214,Bovine,18/10/2021,12,3,0,0,0,0,0,0,0,0,38,Fasil,
216,Bovine,18/10/2021,12,3,0,0,0,0,0,0,0,0,38.3,Fasil,
219,Bovine,18/10/2021,12,3,0,0,0,0,0,0,0,0,0,Fasil,Sacrificed at 16/10/2021
223,Bovine,18/10/2021,12,3,0,0,0,0,0,0,0,0,37.8,Fasil,
225,Bovine,18/10/2021,12,3,0,0,0,0,0,0,0,0,0,Fasil,Sacrificed at 14/10/2021
227,Bovine,18/10/2021,12,3,0,0,0,0,0,0,0,0,0,Fasil,Sacrificed at 8/10/2021
229,Bovine,18/10/2021,12,3,0,0,0,0,0,0,0,0,0,Fasil,Sacrificed at 12/10/2021
211,Bovine,19/10/2021,13,1,0,0,0,0,0,0,0,0,37.5,Fasil,
212,Bovine,19/10/2021,13,1,0,0,0,0,0,0,0,0,0,Fasil,Sacrificed at 14/10/2021
217,Bovine,19/10/2021,13,1,0,0,0,0,0,0,0,0,0,Fasil,Sacrificed at 16/10/2021
220,Bovine,19/10/2021,13,1,0,0,0,0,0,0,0,0,0,Fasil,Sacrificed at 10/10/2021
221,Bovine,19/10/2021,13,1,0,0,0,0,0,0,0,0,0,Fasil,Sacrificed at 12/10/2021
222,Bovine,19/10/2021,13,1,0,0,0,0,0,0,0,0,0,Fasil,Sacrificed at 8/10/2021
226,Bovine,19/10/2021,13,1,0,0,0,0,0,0,0,0,38.4,Fasil,
230,Bovine,19/10/2021,13,1,0,0,0,0,0,0,0,0,38.6,Fasil,
213,Bovine,19/10/2021,13,3,0,0,0,0,0,0,0,0,0,Fasil,Sacrificed at 10/10/2021
214,Bovine,19/10/2021,13,3,0,0,0,0,0,0,0,0,38.4,Fasil,
216,Bovine,19/10/2021,13,3,0,0,0,0,0,0,0,0,38.6,Fasil,
219,Bovine,19/10/2021,13,3,0,0,0,0,0,0,0,0,0,Fasil,Sacrificed at 16/10/2021
223,Bovine,19/10/2021,13,3,0,0,0,0,0,0,0,0,37.6,Fasil,
225,Bovine,19/10/2021,13,3,0,0,0,0,0,0,0,0,0,Fasil,Sacrificed at 14/10/2021
227,Bovine,19/10/2021,13,3,0,0,0,0,0,0,0,0,0,Fasil,Sacrificed at 8/10/2021
229,Bovine,19/10/2021,13,3,0,0,0,0,0,0,0,0,0,Fasil,Sacrificed at 12/10/2021
211,Bovine,20/10/2021,14,1,0,0,0,0,0,0,0,0,37.7,Fasil,
212,Bovine,20/10/2021,14,1,0,0,0,0,0,0,0,0,0,Fasil,Sacrificed at 14/10/2021
217,Bovine,20/10/2021,14,1,0,0,0,0,0,0,0,0,0,Fasil,Sacrificed at 16/10/2021
220,Bovine,20/10/2021,14,1,0,0,0,0,0,0,0,0,0,Fasil,Sacrificed at 10/10/2021
221,Bovine,20/10/2021,14,1,0,0,0,0,0,0,0,0,0,Fasil,Sacrificed at 12/10/2021
222,Bovine,20/10/2021,14,1,0,0,0,0,0,0,0,0,0,Fasil,Sacrificed at 8/10/2021
226,Bovine,20/10/2021,14,1,0,0,0,0,0,0,0,0,38.4,Fasil,
230,Bovine,20/10/2021,14,1,0,0,0,0,0,0,0,0,38.5,Fasil,
213,Bovine,20/10/2021,14,3,0,0,0,0,0,0,0,0,0,Fasil,Sacrificed at 10/10/2021
214,Bovine,20/10/2021,14,3,0,0,0,0,0,0,0,0,38.4,Fasil,
216,Bovine,20/10/2021,14,3,0,0,0,0,0,0,0,0,37.7,Fasil,
219,Bovine,20/10/2021,14,3,0,0,0,0,0,0,0,0,0,Fasil,Sacrificed at 16/10/2021
223,Bovine,20/10/2021,14,3,0,0,0,0,0,0,0,0,37.3,Fasil,
225,Bovine,20/10/2021,14,3,0,0,0,0,0,0,0,0,0,Fasil,Sacrificed at 14/10/2021
227,Bovine,20/10/2021,14,3,0,0,0,0,0,0,0,0,0,Fasil,Sacrificed at 8/10/2021
229,Bovine,20/10/2021,14,3,0,0,0,0,0,0,0,0,0,Fasil,Sacrificed at 12/10/2021
211,Bovine,21/10/2021,15,1,0,0,0,0,0,0,0,0,38,Fasil,
212,Bovine,21/10/2021,15,1,0,0,0,0,0,0,0,0,0,Fasil,Sacrificed at 14/10/2021
217,Bovine,21/10/2021,15,1,0,0,0,0,0,0,0,0,0,Fasil,Sacrificed at 16/10/2021
220,Bovine,21/10/2021,15,1,0,0,0,0,0,0,0,0,0,Fasil,Sacrificed at 10/10/2021
221,Bovine,21/10/2021,15,1,0,0,0,0,0,0,0,0,0,Fasil,Sacrificed at 12/10/2021
222,Bovine,21/10/2021,15,1,0,0,0,0,0,0,0,0,0,Fasil,Sacrificed at 8/10/2021
226,Bovine,21/10/2021,15,1,0,0,0,0,0,0,0,0,38.8,Fasil,
230,Bovine,21/10/2021,15,1,0,0,0,0,0,0,0,0,38.4,Fasil,
213,Bovine,21/10/2021,15,3,0,0,0,0,0,0,0,0,0,Fasil,Sacrificed at 10/10/2021
214,Bovine,21/10/2021,15,3,0,0,0,0,0,0,0,0,37.9,Fasil,
216,Bovine,21/10/2021,15,3,0,0,0,0,0,0,0,0,37.6,Fasil,
219,Bovine,21/10/2021,15,3,0,0,0,0,0,0,0,0,0,Fasil,Sacrificed at 16/10/2021
223,Bovine,21/10/2021,15,3,0,0,0,0,0,0,0,0,37,Fasil,
225,Bovine,21/10/2021,15,3,0,0,0,0,0,0,0,0,0,Fasil,Sacrificed at 14/10/2021
227,Bovine,21/10/2021,15,3,0,0,0,0,0,0,0,0,0,Fasil,Sacrificed at 8/10/2021
229,Bovine,21/10/2021,15,3,0,0,0,0,0,0,0,0,0,Fasil,Sacrificed at 12/10/2021
211,Bovine,22/10/2021,16,1,0,0,0,0,0,0,0,0,38,Fasil,
212,Bovine,22/10/2021,16,1,0,0,0,0,0,0,0,0,0,Fasil,Sacrificed at 14/10/2021
217,Bovine,22/10/2021,16,1,0,0,0,0,0,0,0,0,0,Fasil,Sacrificed at 16/10/2021
220,Bovine,22/10/2021,16,1,0,0,0,0,0,0,0,0,0,Fasil,Sacrificed at 10/10/2021
221,Bovine,22/10/2021,16,1,0,0,0,0,0,0,0,0,0,Fasil,Sacrificed at 12/10/2021
222,Bovine,22/10/2021,16,1,0,0,0,0,0,0,0,0,0,Fasil,Sacrificed at 8/10/2021
226,Bovine,22/10/2021,16,1,0,0,0,0,0,0,0,0,38.8,Fasil,
230,Bovine,22/10/2021,16,1,0,0,0,0,0,0,0,0,38.4,Fasil,
213,Bovine,22/10/2021,16,3,0,0,0,0,0,0,0,0,0,Fasil,Sacrificed at 10/10/2021
214,Bovine,22/10/2021,16,3,0,0,0,0,0,0,0,0,38.2,Fasil,
216,Bovine,22/10/2021,16,3,0,0,0,0,0,0,0,0,38.6,Fasil,
219,Bovine,22/10/2021,16,3,0,0,0,0,0,0,0,0,0,Fasil,Sacrificed at 16/10/2021
223,Bovine,22/10/2021,16,3,0,0,0,0,0,0,0,0,37.8,Fasil,
225,Bovine,22/10/2021,16,3,0,0,0,0,0,0,0,0,0,Fasil,Sacrificed at 14/10/2021
227,Bovine,22/10/2021,16,3,0,0,0,0,0,0,0,0,0,Fasil,Sacrificed at 8/10/2021
229,Bovine,22/10/2021,16,3,0,0,0,0,0,0,0,0,0,Fasil,Sacrificed at 12/10/2021
211,Bovine,23/10/2021,17,1,0,0,0,0,0,0,0,0,37,Fasil,
212,Bovine,23/10/2021,17,1,0,0,0,0,0,0,0,0,0,Fasil,Sacrificed at 14/10/2021
217,Bovine,23/10/2021,17,1,0,0,0,0,0,0,0,0,0,Fasil,Sacrificed at 16/10/2021
220,Bovine,23/10/2021,17,1,0,0,0,0,0,0,0,0,0,Fasil,Sacrificed at 10/10/2021
221,Bovine,23/10/2021,17,1,0,0,0,0,0,0,0,0,0,Fasil,Sacrificed at 12/10/2021
222,Bovine,23/10/2021,17,1,0,0,0,0,0,0,0,0,0,Fasil,Sacrificed at 8/10/2021
226,Bovine,23/10/2021,17,1,0,0,0,0,0,0,0,0,37.9,Fasil,
230,Bovine,23/10/2021,17,1,0,0,0,0,0,0,0,0,38.2,Fasil,
213,Bovine,23/10/2021,17,3,0,0,0,0,0,0,0,0,0,Fasil,Sacrificed at 10/10/2021
214,Bovine,23/10/2021,17,3,0,0,0,0,0,0,0,0,38.1,Fasil,
216,Bovine,23/10/2021,17,3,0,0,0,0,0,0,0,0,38.3,Fasil,
219,Bovine,23/10/2021,17,3,0,0,0,0,0,0,0,0,0,Fasil,Sacrificed at 16/10/2021
223,Bovine,23/10/2021,17,3,0,0,0,0,0,0,0,0,38.2,Fasil,
225,Bovine,23/10/2021,17,3,0,0,0,0,0,0,0,0,0,Fasil,Sacrificed at 14/10/2021
227,Bovine,23/10/2021,17,3,0,0,0,0,0,0,0,0,0,Fasil,Sacrificed at 8/10/2021
229,Bovine,23/10/2021,17,3,0,0,0,0,0,0,0,0,0,Fasil,Sacrificed at 12/10/2021
211,Bovine,24/10/2021,18,1,0,0,0,0,0,0,0,0,37.2,Fasil,
212,Bovine,24/10/2021,18,1,0,0,0,0,0,0,0,0,0,Fasil,Sacrificed at 14/10/2021
217,Bovine,24/10/2021,18,1,0,0,0,0,0,0,0,0,0,Fasil,Sacrificed at 16/10/2021
220,Bovine,24/10/2021,18,1,0,0,0,0,0,0,0,0,0,Fasil,Sacrificed at 10/10/2021
221,Bovine,24/10/2021,18,1,0,0,0,0,0,0,0,0,0,Fasil,Sacrificed at 12/10/2021
222,Bovine,24/10/2021,18,1,0,0,0,0,0,0,0,0,0,Fasil,Sacrificed at 8/10/2021
226,Bovine,24/10/2021,18,1,0,0,0,0,0,0,0,0,0,Fasil,Sacrificed at 23/10/2021
230,Bovine,24/10/2021,18,1,0,0,0,0,0,0,0,0,38.8,Fasil,
213,Bovine,24/10/2021,18,3,0,0,0,0,0,0,0,0,0,Fasil,Sacrificed at 10/10/2021
214,Bovine,24/10/2021,18,3,0,0,0,0,0,0,0,0,38.1,Fasil,
216,Bovine,24/10/2021,18,3,0,0,0,0,0,0,0,0,0,Fasil,Sacrificed at 23/10/2021
219,Bovine,24/10/2021,18,3,0,0,0,0,0,0,0,0,0,Fasil,Sacrificed at 16/10/2021
223,Bovine,24/10/2021,18,3,0,0,0,0,0,0,0,0,36.4,Fasil,
225,Bovine,24/10/2021,18,3,0,0,0,0,0,0,0,0,0,Fasil,Sacrificed at 14/10/2021
227,Bovine,24/10/2021,18,3,0,0,0,0,0,0,0,0,0,Fasil,Sacrificed at 8/10/2021
229,Bovine,24/10/2021,18,3,0,0,0,0,0,0,0,0,0,Fasil,Sacrificed at 12/10/2021
211,Bovine,25/10/2021,19,1,0,0,0,0,0,0,0,0,36.7,Fasil,
212,Bovine,25/10/2021,19,1,0,0,0,0,0,0,0,0,0,Fasil,Sacrificed at 14/10/2021
217,Bovine,25/10/2021,19,1,0,0,0,0,0,0,0,0,0,Fasil,Sacrificed at 16/10/2021
220,Bovine,25/10/2021,19,1,0,0,0,0,0,0,0,0,0,Fasil,Sacrificed at 10/10/2021
221,Bovine,25/10/2021,19,1,0,0,0,0,0,0,0,0,0,Fasil,Sacrificed at 12/10/2021
222,Bovine,25/10/2021,19,1,0,0,0,0,0,0,0,0,0,Fasil,Sacrificed at 8/10/2021
226,Bovine,25/10/2021,19,1,0,0,0,0,0,0,0,0,0,Fasil,Sacrificed at 23/10/2021
230,Bovine,25/10/2021,19,1,0,0,0,0,0,0,0,0,38.5,Fasil,
213,Bovine,25/10/2021,19,3,0,0,0,0,0,0,0,0,0,Fasil,Sacrificed at 10/10/2021
214,Bovine,25/10/2021,19,3,0,0,0,0,0,0,0,0,38.1,Fasil,
216,Bovine,25/10/2021,19,3,0,0,0,0,0,0,0,0,0,Fasil,Sacrificed at 23/10/2021
219,Bovine,25/10/2021,19,3,0,0,0,0,0,0,0,0,0,Fasil,Sacrificed at 16/10/2021
223,Bovine,25/10/2021,19,3,0,0,0,0,0,0,0,0,36.6,Fasil,
225,Bovine,25/10/2021,19,3,0,0,0,0,0,0,0,0,0,Fasil,Sacrificed at 14/10/2021
227,Bovine,25/10/2021,19,3,0,0,0,0,0,0,0,0,0,Fasil,Sacrificed at 8/10/2021
229,Bovine,25/10/2021,19,3,0,0,0,0,0,0,0,0,0,Fasil,Sacrificed at 12/10/2021
211,Bovine,26/10/2021,20,1,0,0,0,0,0,0,0,0,36.8,Fasil,
212,Bovine,26/10/2021,20,1,0,0,0,0,0,0,0,0,0,Fasil,Sacrificed at 14/10/2021
217,Bovine,26/10/2021,20,1,0,0,0,0,0,0,0,0,0,Fasil,Sacrificed at 16/10/2021
220,Bovine,26/10/2021,20,1,0,0,0,0,0,0,0,0,0,Fasil,Sacrificed at 10/10/2021
221,Bovine,26/10/2021,20,1,0,0,0,0,0,0,0,0,0,Fasil,Sacrificed at 12/10/2021
222,Bovine,26/10/2021,20,1,0,0,0,0,0,0,0,0,0,Fasil,Sacrificed at 8/10/2021
226,Bovine,26/10/2021,20,1,0,0,0,0,0,0,0,0,0,Fasil,Sacrificed at 23/10/2021
230,Bovine,26/10/2021,20,1,0,0,0,0,0,0,0,0,38.8,Fasil,
213,Bovine,26/10/2021,20,3,0,0,0,0,0,0,0,0,0,Fasil,Sacrificed at 10/10/2021
214,Bovine,26/10/2021,20,3,0,0,0,0,0,0,0,0,38.8,Fasil,
216,Bovine,26/10/2021,20,3,0,0,0,0,0,0,0,0,0,Fasil,Sacrificed at 23/10/2021
219,Bovine,26/10/2021,20,3,0,0,0,0,0,0,0,0,0,Fasil,Sacrificed at 16/10/2021
223,Bovine,26/10/2021,20,3,0,0,0,0,0,0,0,0,36.1,Fasil,
225,Bovine,26/10/2021,20,3,0,0,0,0,0,0,0,0,0,Fasil,Sacrificed at 14/10/2021
227,Bovine,26/10/2021,20,3,0,0,0,0,0,0,0,0,0,Fasil,Sacrificed at 8/10/2021
229,Bovine,26/10/2021,20,3,0,0,0,0,0,0,0,0,0,Fasil,Sacrificed at 12/10/2021
211,Bovine,27/10/2021,21,1,0,0,0,0,0,0,0,0,38.2,Fasil,
212,Bovine,27/10/2021,21,1,0,0,0,0,0,0,0,0,0,Fasil,Sacrificed at 14/10/2021
217,Bovine,27/10/2021,21,1,0,0,0,0,0,0,0,0,0,Fasil,Sacrificed at 16/10/2021
220,Bovine,27/10/2021,21,1,0,0,0,0,0,0,0,0,0,Fasil,Sacrificed at 10/10/2021
221,Bovine,27/10/2021,21,1,0,0,0,0,0,0,0,0,0,Fasil,Sacrificed at 12/10/2021
222,Bovine,27/10/2021,21,1,0,0,0,0,0,0,0,0,0,Fasil,Sacrificed at 8/10/2021
226,Bovine,27/10/2021,21,1,0,0,0,0,0,0,0,0,0,Fasil,Sacrificed at 23/10/2021
230,Bovine,27/10/2021,21,1,0,0,0,0,0,0,0,0,38.6,Fasil,
213,Bovine,27/10/2021,21,3,0,0,0,0,0,0,0,0,0,Fasil,Sacrificed at 10/10/2021
214,Bovine,27/10/2021,21,3,0,0,0,0,0,0,0,0,38.3,Fasil,
216,Bovine,27/10/2021,21,3,0,0,0,0,0,0,0,0,0,Fasil,Sacrificed at 23/10/2021
219,Bovine,27/10/2021,21,3,0,0,0,0,0,0,0,0,0,Fasil,Sacrificed at 16/10/2021
223,Bovine,27/10/2021,21,3,0,0,0,0,0,0,0,0,37.2,Fasil,
225,Bovine,27/10/2021,21,3,0,0,0,0,0,0,0,0,0,Fasil,Sacrificed at 14/10/2021
227,Bovine,27/10/2021,21,3,0,0,0,0,0,0,0,0,0,Fasil,Sacrificed at 8/10/2021
229,Bovine,27/10/2021,21,3,0,0,0,0,0,0,0,0,0,Fasil,Sacrificed at 12/10/2021
211,Bovine,28/10/2021,22,1,0,0,0,0,0,0,0,0,36.6,Fasil,
212,Bovine,28/10/2021,22,1,0,0,0,0,0,0,0,0,0,Fasil,Sacrificed at 14/10/2021
217,Bovine,28/10/2021,22,1,0,0,0,0,0,0,0,0,0,Fasil,Sacrificed at 16/10/2021
220,Bovine,28/10/2021,22,1,0,0,0,0,0,0,0,0,0,Fasil,Sacrificed at 10/10/2021
221,Bovine,28/10/2021,22,1,0,0,0,0,0,0,0,0,0,Fasil,Sacrificed at 12/10/2021
222,Bovine,28/10/2021,22,1,0,0,0,0,0,0,0,0,0,Fasil,Sacrificed at 8/10/2021
226,Bovine,28/10/2021,22,1,0,0,0,0,0,0,0,0,0,Fasil,Sacrificed at 23/10/2021
230,Bovine,28/10/2021,22,1,0,0,0,0,0,0,0,0,38.8,Fasil,
213,Bovine,28/10/2021,22,3,0,0,0,0,0,0,0,0,0,Fasil,Sacrificed at 10/10/2021
214,Bovine,28/10/2021,22,3,0,0,0,0,0,0,0,0,37.8,Fasil,
216,Bovine,28/10/2021,22,3,0,0,0,0,0,0,0,0,0,Fasil,Sacrificed at 23/10/2021
219,Bovine,28/10/2021,22,3,0,0,0,0,0,0,0,0,0,Fasil,Sacrificed at 16/10/2021
223,Bovine,28/10/2021,22,3,0,0,0,0,0,0,0,0,37.6,Fasil,
225,Bovine,28/10/2021,22,3,0,0,0,0,0,0,0,0,0,Fasil,Sacrificed at 14/10/2021
227,Bovine,28/10/2021,22,3,0,0,0,0,0,0,0,0,0,Fasil,Sacrificed at 8/10/2021
229,Bovine,28/10/2021,22,3,0,0,0,0,0,0,0,0,0,Fasil,Sacrificed at 12/10/2021
211,Bovine,29/10/2021,23,1,0,0,0,0,0,0,0,0,37.8,Fasil,
212,Bovine,29/10/2021,23,1,0,0,0,0,0,0,0,0,0,Fasil,Sacrificed at 14/10/2021
217,Bovine,29/10/2021,23,1,0,0,0,0,0,0,0,0,0,Fasil,Sacrificed at 16/10/2021
220,Bovine,29/10/2021,23,1,0,0,0,0,0,0,0,0,0,Fasil,Sacrificed at 10/10/2021
221,Bovine,29/10/2021,23,1,0,0,0,0,0,0,0,0,0,Fasil,Sacrificed at 12/10/2021
222,Bovine,29/10/2021,23,1,0,0,0,0,0,0,0,0,0,Fasil,Sacrificed at 8/10/2021
226,Bovine,29/10/2021,23,1,0,0,0,0,0,0,0,0,0,Fasil,Sacrificed at 23/10/2021
230,Bovine,29/10/2021,23,1,0,0,0,0,0,0,0,0,38.4,Fasil,
213,Bovine,29/10/2021,23,3,0,0,0,0,0,0,0,0,0,Fasil,Sacrificed at 10/10/2021
214,Bovine,29/10/2021,23,3,0,0,0,0,0,0,0,0,38.3,Fasil,
216,Bovine,29/10/2021,23,3,0,0,0,0,0,0,0,0,0,Fasil,Sacrificed at 23/10/2021
219,Bovine,29/10/2021,23,3,0,0,0,0,0,0,0,0,0,Fasil,Sacrificed at 16/10/2021
223,Bovine,29/10/2021,23,3,0,0,0,0,0,0,0,0,37.1,Fasil,
225,Bovine,29/10/2021,23,3,0,0,0,0,0,0,0,0,0,Fasil,Sacrificed at 14/10/2021
227,Bovine,29/10/2021,23,3,0,0,0,0,0,0,0,0,0,Fasil,Sacrificed at 8/10/2021
229,Bovine,29/10/2021,23,3,0,0,0,0,0,0,0,0,0,Fasil,Sacrificed at 12/10/2021
211,Bovine,30/10/2021,24,1,0,0,0,0,0,0,0,0,37.8,Fasil,
212,Bovine,30/10/2021,24,1,0,0,0,0,0,0,0,0,0,Fasil,Sacrificed at 14/10/2021
217,Bovine,30/10/2021,24,1,0,0,0,0,0,0,0,0,0,Fasil,Sacrificed at 16/10/2021
220,Bovine,30/10/2021,24,1,0,0,0,0,0,0,0,0,0,Fasil,Sacrificed at 10/10/2021
221,Bovine,30/10/2021,24,1,0,0,0,0,0,0,0,0,0,Fasil,Sacrificed at 12/10/2021
222,Bovine,30/10/2021,24,1,0,0,0,0,0,0,0,0,0,Fasil,Sacrificed at 8/10/2021
226,Bovine,30/10/2021,24,1,0,0,0,0,0,0,0,0,0,Fasil,Sacrificed at 23/10/2021
230,Bovine,30/10/2021,24,1,0,0,0,0,0,0,0,0,38.8,Fasil,
213,Bovine,30/10/2021,24,3,0,0,0,0,0,0,0,0,0,Fasil,Sacrificed at 10/10/2021
214,Bovine,30/10/2021,24,3,0,0,0,0,0,0,0,0,37.9,Fasil,
216,Bovine,30/10/2021,24,3,0,0,0,0,0,0,0,0,0,Fasil,Sacrificed at 23/10/2021
219,Bovine,30/10/2021,24,3,0,0,0,0,0,0,0,0,0,Fasil,Sacrificed at 16/10/2021
223,Bovine,30/10/2021,24,3,0,0,0,0,0,0,0,0,37.2,Fasil,
225,Bovine,30/10/2021,24,3,0,0,0,0,0,0,0,0,0,Fasil,Sacrificed at 14/10/2021
227,Bovine,30/10/2021,24,3,0,0,0,0,0,0,0,0,0,Fasil,Sacrificed at 8/10/2021
229,Bovine,30/10/2021,24,3,0,0,0,0,0,0,0,0,0,Fasil,Sacrificed at 12/10/2021
211,Bovine,31/10/2021,25,1,0,0,0,0,0,0,0,0,0,Fasil,Sacrificed at 30/10/2021
212,Bovine,31/10/2021,25,1,0,0,0,0,0,0,0,0,0,Fasil,Sacrificed at 14/10/2021
217,Bovine,31/10/2021,25,1,0,0,0,0,0,0,0,0,0,Fasil,Sacrificed at 16/10/2021
220,Bovine,31/10/2021,25,1,0,0,0,0,0,0,0,0,0,Fasil,Sacrificed at 10/10/2021
221,Bovine,31/10/2021,25,1,0,0,0,0,0,0,0,0,0,Fasil,Sacrificed at 12/10/2021
222,Bovine,31/10/2021,25,1,0,0,0,0,0,0,0,0,0,Fasil,Sacrificed at 8/10/2021
226,Bovine,31/10/2021,25,1,0,0,0,0,0,0,0,0,0,Fasil,Sacrificed at 23/10/2021
230,Bovine,31/10/2021,25,1,0,0,0,0,0,0,0,0,38.5,Fasil,
213,Bovine,31/10/2021,25,3,0,0,0,0,0,0,0,0,0,Fasil,Sacrificed at 10/10/2021
214,Bovine,31/10/2021,25,3,0,0,0,0,0,0,0,0,0,Fasil,Sacrificed at 30/10/2021
216,Bovine,31/10/2021,25,3,0,0,0,0,0,0,0,0,0,Fasil,Sacrificed at 23/10/2021
219,Bovine,31/10/2021,25,3,0,0,0,0,0,0,0,0,0,Fasil,Sacrificed at 16/10/2021
223,Bovine,31/10/2021,25,3,0,0,0,0,0,0,0,0,36.7,Fasil,
225,Bovine,31/10/2021,25,3,0,0,0,0,0,0,0,0,0,Fasil,Sacrificed at 14/10/2021
227,Bovine,31/10/2021,25,3,0,0,0,0,0,0,0,0,0,Fasil,Sacrificed at 8/10/2021
229,Bovine,31/10/2021,25,3,0,0,0,0,0,0,0,0,0,Fasil,Sacrificed at 12/10/2021
211,Bovine,1/11/2021,26,1,0,0,0,0,0,0,0,0,0,Fasil,Sacrificed at 30/10/2021
212,Bovine,1/11/2021,26,1,0,0,0,0,0,0,0,0,0,Fasil,Sacrificed at 14/10/2021
217,Bovine,1/11/2021,26,1,0,0,0,0,0,0,0,0,0,Fasil,Sacrificed at 16/10/2021
220,Bovine,1/11/2021,26,1,0,0,0,0,0,0,0,0,0,Fasil,Sacrificed at 10/10/2021
221,Bovine,1/11/2021,26,1,0,0,0,0,0,0,0,0,0,Fasil,Sacrificed at 12/10/2021
222,Bovine,1/11/2021,26,1,0,0,0,0,0,0,0,0,0,Fasil,Sacrificed at 8/10/2021
226,Bovine,1/11/2021,26,1,0,0,0,0,0,0,0,0,0,Fasil,Sacrificed at 23/10/2021
230,Bovine,1/11/2021,26,1,0,0,0,0,0,0,0,0,38.6,Fasil,
213,Bovine,1/11/2021,26,3,0,0,0,0,0,0,0,0,0,Fasil,Sacrificed at 10/10/2021
214,Bovine,1/11/2021,26,3,0,0,0,0,0,0,0,0,0,Fasil,Sacrificed at 30/10/2021
216,Bovine,1/11/2021,26,3,0,0,0,0,0,0,0,0,0,Fasil,Sacrificed at 23/10/2021
219,Bovine,1/11/2021,26,3,0,0,0,0,0,0,0,0,0,Fasil,Sacrificed at 16/10/2021
223,Bovine,1/11/2021,26,3,0,0,0,0,0,0,0,0,38.6,Fasil,
225,Bovine,1/11/2021,26,3,0,0,0,0,0,0,0,0,0,Fasil,Sacrificed at 14/10/2021
227,Bovine,1/11/2021,26,3,0,0,0,0,0,0,0,0,0,Fasil,Sacrificed at 8/10/2021
229,Bovine,1/11/2021,26,3,0,0,0,0,0,0,0,0,0,Fasil,Sacrificed at 12/10/2021
211,Bovine,2/11/2021,27,1,0,0,0,0,0,0,0,0,0,Fasil,Sacrificed at 30/10/2021
212,Bovine,2/11/2021,27,1,0,0,0,0,0,0,0,0,0,Fasil,Sacrificed at 14/10/2021
217,Bovine,2/11/2021,27,1,0,0,0,0,0,0,0,0,0,Fasil,Sacrificed at 16/10/2021
220,Bovine,2/11/2021,27,1,0,0,0,0,0,0,0,0,0,Fasil,Sacrificed at 10/10/2021
221,Bovine,2/11/2021,27,1,0,0,0,0,0,0,0,0,0,Fasil,Sacrificed at 12/10/2021
222,Bovine,2/11/2021,27,1,0,0,0,0,0,0,0,0,0,Fasil,Sacrificed at 8/10/2021
226,Bovine,2/11/2021,27,1,0,0,0,0,0,0,0,0,0,Fasil,Sacrificed at 23/10/2021
230,Bovine,2/11/2021,27,1,0,0,0,0,0,0,0,0,38.9,Fasil,
213,Bovine,2/11/2021,27,3,0,0,0,0,0,0,0,0,0,Fasil,Sacrificed at 10/10/2021
214,Bovine,2/11/2021,27,3,0,0,0,0,0,0,0,0,0,Fasil,Sacrificed at 30/10/2021
216,Bovine,2/11/2021,27,3,0,0,0,0,0,0,0,0,0,Fasil,Sacrificed at 23/10/2021
219,Bovine,2/11/2021,27,3,0,0,0,0,0,0,0,0,0,Fasil,Sacrificed at 16/10/2021
223,Bovine,2/11/2021,27,3,0,0,0,0,0,0,0,0,38.2,Fasil,
225,Bovine,2/11/2021,27,3,0,0,0,0,0,0,0,0,0,Fasil,Sacrificed at 14/10/2021
227,Bovine,2/11/2021,27,3,0,0,0,0,0,0,0,0,0,Fasil,Sacrificed at 8/10/2021
229,Bovine,2/11/2021,27,3,0,0,0,0,0,0,0,0,0,Fasil,Sacrificed at 12/10/2021
211,Bovine,3/11/2021,28,1,0,0,0,0,0,0,0,0,0,Fasil,Sacrificed at 30/10/2021
212,Bovine,3/11/2021,28,1,0,0,0,0,0,0,0,0,0,Fasil,Sacrificed at 14/10/2021
217,Bovine,3/11/2021,28,1,0,0,0,0,0,0,0,0,0,Fasil,Sacrificed at 16/10/2021
220,Bovine,3/11/2021,28,1,0,0,0,0,0,0,0,0,0,Fasil,Sacrificed at 10/10/2021
221,Bovine,3/11/2021,28,1,0,0,0,0,0,0,0,0,0,Fasil,Sacrificed at 12/10/2021
222,Bovine,3/11/2021,28,1,0,0,0,0,0,0,0,0,0,Fasil,Sacrificed at 8/10/2021
226,Bovine,3/11/2021,28,1,0,0,0,0,0,0,0,0,0,Fasil,Sacrificed at 23/10/2021
230,Bovine,3/11/2021,28,1,0,0,0,0,0,0,0,0,38.9,Fasil,
213,Bovine,3/11/2021,28,3,0,0,0,0,0,0,0,0,0,Fasil,Sacrificed at 10/10/2021
214,Bovine,3/11/2021,28,3,0,0,0,0,0,0,0,0,0,Fasil,Sacrificed at 30/10/2021
216,Bovine,3/11/2021,28,3,0,0,0,0,0,0,0,0,0,Fasil,Sacrificed at 23/10/2021
219,Bovine,3/11/2021,28,3,0,0,0,0,0,0,0,0,0,Fasil,Sacrificed at 16/10/2021
223,Bovine,3/11/2021,28,3,0,0,0,0,0,0,0,0,37.8,Fasil,
225,Bovine,3/11/2021,28,3,0,0,0,0,0,0,0,0,0,Fasil,Sacrificed at 14/10/2021
227,Bovine,3/11/2021,28,3,0,0,0,0,0,0,0,0,0,Fasil,Sacrificed at 8/10/2021
229,Bovine,3/11/2021,28,3,0,0,0,0,0,0,0,0,0,Fasil,Sacrificed at 12/10/2021
